reference_id,title,publisher,reference_type,url,accessed_on,use_note
VIGIL-REF-000001,AI Incident Tracker: Harm Taxonomy,MIT FutureTech,methodology,https://airisk.mit.edu/ai-incident-tracker/harm-taxonomy,2026-09-16,Direction-of-scale and harm-context reference: 1 is Negligible and 5 is Catastrophic. VIGIL does not adopt MIT ratings or categories as incident determinations.
VIGIL-REF-000002,AI Incident Tracker,MIT FutureTech,dataset-methodology,https://airisk.mit.edu/ai-incident-tracker,2026-09-16,Reference for report-level harm review and the tracker relationship to CSET-derived harm categories.
VIGIL-REF-000003,AI Incident Tracker June 2026 Update,MIT FutureTech,methodology-note,https://airisk.mit.edu/blog/ai-incident-tracker-june-2026-update,2026-09-16,"Reference for evidence-bounded reviewer practice, including rating from the raw report and recognising incomplete-report disagreement."
VIGIL-REF-000004,Adding Structure to AI Harm: An Introduction to CSET's AI Harm Framework,"Center for Security and Emerging Technology, Georgetown University",taxonomy-research,https://cset.georgetown.edu/wp-content/uploads/20230022-Adding-structure-to-AI-Harm-FINAL.pdf,2026-09-16,Harm-category and consequence-context reference. VIGIL retains its own operational dimensions and thresholds.
VIGIL-REF-000005,Federal Incident Notification Guidelines,Cybersecurity and Infrastructure Security Agency,government-guidance,https://www.cisa.gov/federal-incident-notification-guidelines,2026-09-16,Reference for separating functional impact from recoverability and assessing business or service impact.
VIGIL-REF-000006,CISA National Cyber Incident Scoring System,Cybersecurity and Infrastructure Security Agency,government-methodology,https://www.cisa.gov/news-events/news/cisa-national-cyber-incident-scoring-system-nciss,2026-09-16,"Reference for actual functional impact, information impact, recoverability and cross-sector scope."
VIGIL-REF-000007,Contingency Planning Guide for Federal Information Systems (SP 800-34 Rev. 1),National Institute of Standards and Technology,government-standard,https://csrc.nist.gov/pubs/sp/800/34/r1/final,2026-09-16,Reference for recovery-time objective and maximum-tolerable-downtime concepts; VIGIL uses evidenced organisational limits when available.
VIGIL-REF-000008,Commission Implementing Regulation (EU) 2024/2690,European Commission,regulation,https://eur-lex.europa.eu/legal-content/EN/TXT/PDF/?uri=OJ:L_202402690,2026-09-16,Sector-specific operational thresholds inform VIGIL service-impact anchors; they are not universal automatic severity assignments.
VIGIL-REF-000009,Commission Delegated Regulation (EU) 2024/1772,European Commission,regulation,https://eur-lex.europa.eu/eli/reg_del/2024/1772/oj/eng,2026-09-16,"DORA materiality indicators inform operational, duration, client-scope and loss anchors without making VIGIL equivalent to DORA classification."
VIGIL-REF-000010,Cyber Incident Management Arrangements for Australian Governments,"Australian Signals Directorate, Australian Cyber Security Centre",government-guidance,https://www.cyber.gov.au/business-government/detecting-responding-to-threats/cyber-security-incident-response/cyber-incident-management-arrangements-for-australian-governments,2026-09-16,"Reference for consequence, national coordination, cross-jurisdiction and critical-infrastructure context."
VIGIL-REF-000011,Prioritization of Risks from Artificial Intelligence: A Delphi Study of 272 International Experts,MIT FutureTech,quantitative-severity-research,https://futuretech.mit.edu/publication/prioritization-of-risks-from-artificial-intelligence-a-delphi-study-of-272-international-experts,2026-09-16,"Principal external quantitative and cross-domain severity reference informing VIGIL-HIM's five-level anchors. VIGIL owns its operational thresholds, including its explicit financial gap-closing rule; inclusion does not claim equivalence with or endorsement by MIT FutureTech."
VIGIL-REF-000012,Use of Generative AI Chatbots and Wellness Applications for Mental Health — APA Health Advisory,American Psychological Association,clinical-professional-guidance,https://www.apa.org/topics/artificial-intelligence-machine-learning/health-advisory-chatbots-wellness-apps,2026-10-10,"Supports analysis of GenAI mental-health response limitations, supportive versus harmful engagement, unsafe sycophancy, referral and crisis handling, and risks of emotional dependency. Professional advisory, not an AI-specific duty of care, a psychiatric diagnosis, a casualty estimate or a validation of VIGIL S1–S5 thresholds."
VIGIL-REF-000013,Understanding Psychosis,"National Institute of Mental Health, US National Institutes of Health",clinical-public-health-guidance,https://www.nimh.nih.gov/health/publications/understanding-psychosis,2026-10-10,"Clinical context for psychosis-associated reality-testing disruption and varied possible contributors, including sleep deprivation and medical or psychological conditions. VIGIL does not diagnose from chat transcripts, assume a baseline or infer AI causation from symptoms alone."
VIGIL-REF-000014,"Self-harm: assessment, management and preventing recurrence (NG225)",National Institute for Health and Care Excellence,clinical-guideline,https://www.nice.org.uk/guidance/ng225/chapter/Recommendations,2026-10-10,"Clinical comparator for recognising distress, assessing immediate safety, considering referrals and care planning, and avoiding simplistic predictive risk stratification. Applies to healthcare and social-care contexts; not an automatic binding response protocol for general-purpose AI or a severity calibration for VIGIL."
VIGIL-REF-000015,Artificial Intelligence and Adolescent Well-being — APA Health Advisory,American Psychological Association,professional-health-advisory,https://www.apa.org/topics/artificial-intelligence-machine-learning/health-advisory-ai-adolescent-well-being,2026-10-10,"Adolescent-specific safeguards for simulated relationships, developmental autonomy, dependence, psychological wellbeing and preserving human support. Not a basis for presuming all attachments are harmful or for assigning severity to a particular incident without evidence."
VIGIL-REF-000016,"Guidance on AI and Children, Version 3.0",UNICEF Office of Strategy and Evidence Innocenti,children-rights-guidance,https://www.unicef.org/innocenti/reports/policy-guidance-ai-children,2026-10-10,"Child-rights, developmental wellbeing, AI-companion risks, non-discrimination and agency context. Informs how VIGIL differentiates protective support and harmful relational interference; does not establish that any child was injured or substantiate VIGIL numerical thresholds."
VIGIL-REF-000017,Sycophantic AI decreases prosocial intentions and promotes dependence,"Myra Cheng, Cinoo Lee, Pranav Khadpe et al.; Science (2026)",peer-reviewed-experimental-research,https://doi.org/10.1126/science.aec8352,2026-10-10,"Experimental evidence that sycophantic responses can alter social judgments, responsibility-taking and interpersonal-repair intentions. Supports plausible mechanism analysis for relational/epistemic effects, but study outcomes do not independently establish psychosis, suicide, real-world harmed-user prevalence or VIGIL severity cutoffs."
VIGIL-REF-000018,Technological folie à deux: feedback loops between AI chatbots and mental health,"Sebastian Dohnány, Zeb Kurth-Nelson, Eleanor Spens et al.; Nature Mental Health (2026)",peer-reviewed-perspective,https://doi.org/10.1038/s44220-026-00595-8,2026-10-10,"Perspective and simulation-based analysis of feedback loops between chatbot tendencies (including sycophancy) and user belief updating, reality-testing and social isolation. Hypothesis-generating mechanism context; not incident-specific psychiatric proof, causal attribution or validated clinical severity bands."
VIGIL-REF-000019,Too human and not human enough: A grounded theory analysis of mental health harms from emotional dependence on the social chatbot Replika,"Linnea Laestadius, Andrea Bishop, Michael Gonzalez et al.; New Media & Society (2024)",peer-reviewed-qualitative-research,https://doi.org/10.1177/14614448221142007,2026-10-10,"Qualitative analysis of self-reported emotional dependence in social-chatbot user discussions; supports distinction between consensual companionship, relational pressure and realised harm. Social-media sample is not population prevalence or standalone proof of individual medical harm."
VIGIL-REF-000020,Artificial Intelligence Risk Management Framework: Generative Artificial Intelligence Profile (AI 600-1),National Institute of Standards and Technology,government-risk-management-guidance,https://www.nist.gov/publications/artificial-intelligence-risk-management-framework-generative-artificial-intelligence,2026-10-10,"Methodological context for evaluated generative-AI risks, measurement, monitoring, source-backed exposure and uncertainty. The voluntary profile does not authorise equating eligible users with victims or validate VIGIL's Aggregate Harm population-band cutoffs."
VIGIL-REF-000021,Ethics and governance of artificial intelligence for health: guidance on large multi-modal models,World Health Organization,international-health-governance-guidance,https://www.who.int/publications/b/70584,2026-10-10,"Health-domain governance guidance emphasising safety, human autonomy, oversight, errors and post-deployment evaluation of generative AI in health-related uses. Does not itself establish clinical diagnosis or the right S-band for a specific AI interaction."
VIGIL-REF-000022,"Regulation (EU) 2024/1689 laying down harmonised rules on artificial intelligence (AI Act), Article 5",European Parliament and Council of the European Union,regulation,https://eur-lex.europa.eu/eli/reg/2024/1689,2026-10-10,"Conceptual and legal context for manipulative or exploitative AI affecting informed decisions and causing, or reasonably likely to cause, significant harm. Applies subject to its legal scope and conditions; not a universal VIGIL harm threshold, nor a claim of applicability outside relevant EU jurisdiction."
