incident_id,record_state,classification_status,mapped_class_ids,incident_mapping_roles,source_clause_count,exact_legacy_wording_paths,review_scope,requires_remediation
VIGIL-INC-000001,active,classified,VIGIL-FC-000002;VIGIL-FC-000003;VIGIL-FC-000015;VIGIL-FC-000016;VIGIL-FC-000017;VIGIL-FC-000018;VIGIL-FC-000036;VIGIL-FC-000041;VIGIL-FC-000062;VIGIL-FC-000064;VIGIL-FC-000070,ambiguous-boundary;failure-occurrence;successful-invariant,10,,review wording and role reasoning against corrected invariant,not-yet-adjudicated
VIGIL-INC-000002,active,classified,VIGIL-FC-000062;VIGIL-FC-000063;VIGIL-FC-000082,ambiguous-boundary;failure-occurrence,4,,review wording and role reasoning against corrected invariant,not-yet-adjudicated
VIGIL-INC-000003,monitoring,classified,VIGIL-FC-000001;VIGIL-FC-000002;VIGIL-FC-000003;VIGIL-FC-000018;VIGIL-FC-000022;VIGIL-FC-000023;VIGIL-FC-000024;VIGIL-FC-000035;VIGIL-FC-000041;VIGIL-FC-000042;VIGIL-FC-000057;VIGIL-FC-000064;VIGIL-FC-000066;VIGIL-FC-000069;VIGIL-FC-000070;VIGIL-FC-000074;VIGIL-FC-000077,ambiguous-boundary;failure-occurrence;successful-invariant,12,,review wording and role reasoning against corrected invariant,not-yet-adjudicated
VIGIL-INC-000004,active,classified,VIGIL-FC-000001;VIGIL-FC-000002;VIGIL-FC-000003;VIGIL-FC-000038;VIGIL-FC-000040;VIGIL-FC-000041;VIGIL-FC-000046;VIGIL-FC-000057;VIGIL-FC-000062;VIGIL-FC-000063;VIGIL-FC-000078,ambiguous-boundary;failure-occurrence;successful-invariant,10,,review wording and role reasoning against corrected invariant,not-yet-adjudicated
VIGIL-INC-000005,active,classified,VIGIL-FC-000010;VIGIL-FC-000016;VIGIL-FC-000038;VIGIL-FC-000046;VIGIL-FC-000062,ambiguous-boundary;failure-occurrence,5,,review wording and role reasoning against corrected invariant,not-yet-adjudicated
VIGIL-INC-000006,active,classified,VIGIL-FC-000016;VIGIL-FC-000046;VIGIL-FC-000062,ambiguous-boundary,5,,review wording and role reasoning against corrected invariant,not-yet-adjudicated
VIGIL-INC-000007,active,classified,VIGIL-FC-000016;VIGIL-FC-000046;VIGIL-FC-000062,ambiguous-boundary,5,,review wording and role reasoning against corrected invariant,not-yet-adjudicated
VIGIL-INC-000008,active,classified,VIGIL-FC-000044;VIGIL-FC-000045;VIGIL-FC-000046,ambiguous-boundary;failure-occurrence,6,,review wording and role reasoning against corrected invariant,not-yet-adjudicated
VIGIL-INC-000009,active,classified,VIGIL-FC-000002;VIGIL-FC-000003;VIGIL-FC-000078,ambiguous-boundary;failure-occurrence,3,,review wording and role reasoning against corrected invariant,not-yet-adjudicated
VIGIL-INC-000010,active,classified,VIGIL-FC-000056,failure-occurrence,2,,review wording and role reasoning against corrected invariant,not-yet-adjudicated
VIGIL-INC-000012,active,classified,VIGIL-FC-000049;VIGIL-FC-000082,ambiguous-boundary,2,,review wording and role reasoning against corrected invariant,not-yet-adjudicated
VIGIL-INC-000013,active,unclassified,VIGIL-FC-000002;VIGIL-FC-000003;VIGIL-FC-000038;VIGIL-FC-000041,,3,,review wording and role reasoning against corrected invariant,not-yet-adjudicated
VIGIL-INC-000014,active,classified,VIGIL-FC-000032;VIGIL-FC-000042;VIGIL-FC-000043,ambiguous-boundary;successful-invariant,6,,review wording and role reasoning against corrected invariant,not-yet-adjudicated
VIGIL-INC-000015,active,classified,VIGIL-FC-000032;VIGIL-FC-000043;VIGIL-FC-000046;VIGIL-FC-000062,successful-invariant,4,,review wording and role reasoning against corrected invariant,not-yet-adjudicated
VIGIL-INC-000016,active,classified,VIGIL-FC-000031;VIGIL-FC-000032;VIGIL-FC-000048,successful-invariant,2,,review wording and role reasoning against corrected invariant,not-yet-adjudicated
VIGIL-INC-000018,active,classified,VIGIL-FC-000032;VIGIL-FC-000048,failure-occurrence;successful-invariant,4,,review wording and role reasoning against corrected invariant,not-yet-adjudicated
VIGIL-INC-000019,active,unclassified,VIGIL-FC-000031;VIGIL-FC-000032;VIGIL-FC-000048,,2,,review wording and role reasoning against corrected invariant,not-yet-adjudicated
VIGIL-INC-000020,active,unclassified,VIGIL-FC-000031;VIGIL-FC-000032;VIGIL-FC-000048,,2,,review wording and role reasoning against corrected invariant,not-yet-adjudicated
VIGIL-INC-000021,active,classified,VIGIL-FC-000031;VIGIL-FC-000032;VIGIL-FC-000048,successful-invariant,3,,review wording and role reasoning against corrected invariant,not-yet-adjudicated
VIGIL-INC-000022,active,classified,VIGIL-FC-000031;VIGIL-FC-000032;VIGIL-FC-000048,failure-occurrence,2,,review wording and role reasoning against corrected invariant,not-yet-adjudicated
VIGIL-INC-000023,active,classified,VIGIL-FC-000031;VIGIL-FC-000032;VIGIL-FC-000048;VIGIL-FC-000079;VIGIL-FC-000082,failure-occurrence,3,,review wording and role reasoning against corrected invariant,not-yet-adjudicated
VIGIL-INC-000024,active,classified,VIGIL-FC-000031;VIGIL-FC-000032;VIGIL-FC-000048;VIGIL-FC-000079;VIGIL-FC-000082,failure-occurrence,2,,review wording and role reasoning against corrected invariant,not-yet-adjudicated
VIGIL-INC-000025,active,classified,VIGIL-FC-000032,successful-invariant,2,,review wording and role reasoning against corrected invariant,not-yet-adjudicated
VIGIL-INC-000026,active,unclassified,VIGIL-FC-000031;VIGIL-FC-000032;VIGIL-FC-000048,,2,,review wording and role reasoning against corrected invariant,not-yet-adjudicated
VIGIL-INC-000027,active,unclassified,VIGIL-FC-000031;VIGIL-FC-000032;VIGIL-FC-000048,,3,,review wording and role reasoning against corrected invariant,not-yet-adjudicated
VIGIL-INC-000028,active,unclassified,VIGIL-FC-000006;VIGIL-FC-000078,,1,,review wording and role reasoning against corrected invariant,not-yet-adjudicated
VIGIL-INC-000029,active,classified,VIGIL-FC-000038;VIGIL-FC-000049;VIGIL-FC-000050;VIGIL-FC-000082,failure-occurrence,2,,review wording and role reasoning against corrected invariant,not-yet-adjudicated
VIGIL-INC-000030,active,classified,VIGIL-FC-000037;VIGIL-FC-000038;VIGIL-FC-000083,failure-occurrence,1,,review wording and role reasoning against corrected invariant,not-yet-adjudicated
VIGIL-INC-000031,active,classified,VIGIL-FC-000032;VIGIL-FC-000043;VIGIL-FC-000062,successful-invariant,3,,review wording and role reasoning against corrected invariant,not-yet-adjudicated
VIGIL-INC-000032,active,classified,VIGIL-FC-000034;VIGIL-FC-000035,failure-occurrence,1,,review wording and role reasoning against corrected invariant,not-yet-adjudicated
VIGIL-INC-000033,active,unclassified,VIGIL-FC-000043,,1,,review wording and role reasoning against corrected invariant,not-yet-adjudicated
VIGIL-INC-000034,active,classified,VIGIL-FC-000049;VIGIL-FC-000052;VIGIL-FC-000082;VIGIL-FC-000083,ambiguous-boundary,2,,review wording and role reasoning against corrected invariant,not-yet-adjudicated
VIGIL-INC-000035,active,classified,VIGIL-FC-000032;VIGIL-FC-000061,failure-occurrence;successful-invariant,2,,review wording and role reasoning against corrected invariant,not-yet-adjudicated
VIGIL-INC-000037,active,unclassified,VIGIL-FC-000013;VIGIL-FC-000047,,2,,review wording and role reasoning against corrected invariant,not-yet-adjudicated
VIGIL-INC-000038,active,unclassified,VIGIL-FC-000022;VIGIL-FC-000024;VIGIL-FC-000032;VIGIL-FC-000037;VIGIL-FC-000044;VIGIL-FC-000048,,2,,review wording and role reasoning against corrected invariant,not-yet-adjudicated
VIGIL-INC-000039,active,classified,VIGIL-FC-000022;VIGIL-FC-000032;VIGIL-FC-000044,successful-invariant,2,,review wording and role reasoning against corrected invariant,not-yet-adjudicated
VIGIL-INC-000040,active,unclassified,VIGIL-FC-000061,,2,,review wording and role reasoning against corrected invariant,not-yet-adjudicated
VIGIL-INC-000041,active,classified,VIGIL-FC-000010;VIGIL-FC-000016;VIGIL-FC-000018;VIGIL-FC-000062,ambiguous-boundary;failure-occurrence,3,,review wording and role reasoning against corrected invariant,not-yet-adjudicated
VIGIL-INC-000042,active,unclassified,VIGIL-FC-000049;VIGIL-FC-000065;VIGIL-FC-000066;VIGIL-FC-000082,,2,,review wording and role reasoning against corrected invariant,not-yet-adjudicated
VIGIL-INC-000043,active,unclassified,VIGIL-FC-000038;VIGIL-FC-000043;VIGIL-FC-000052;VIGIL-FC-000065;VIGIL-FC-000075;VIGIL-FC-000081;VIGIL-FC-000083,,4,,review wording and role reasoning against corrected invariant,not-yet-adjudicated
VIGIL-INC-000044,active,classified,VIGIL-FC-000049,ambiguous-boundary,2,,review wording and role reasoning against corrected invariant,not-yet-adjudicated
VIGIL-INC-000045,active,classified,VIGIL-FC-000003,failure-occurrence,2,,review wording and role reasoning against corrected invariant,not-yet-adjudicated
VIGIL-INC-000047,active,provisionally-classified,VIGIL-FC-000041;VIGIL-FC-000046,failure-occurrence,2,,review wording and role reasoning against corrected invariant,not-yet-adjudicated
VIGIL-INC-000048,active,classified,VIGIL-FC-000046,ambiguous-boundary,2,,review wording and role reasoning against corrected invariant,not-yet-adjudicated
VIGIL-INC-000049,active,classified,VIGIL-FC-000052;VIGIL-FC-000079;VIGIL-FC-000082,failure-occurrence,3,,review wording and role reasoning against corrected invariant,not-yet-adjudicated
VIGIL-INC-000050,active,classified,VIGIL-FC-000046;VIGIL-FC-000053;VIGIL-FC-000079;VIGIL-FC-000082;VIGIL-FC-000083,ambiguous-boundary;failure-occurrence,2,,review wording and role reasoning against corrected invariant,not-yet-adjudicated
VIGIL-INC-000051,active,classified,VIGIL-FC-000046;VIGIL-FC-000053;VIGIL-FC-000079;VIGIL-FC-000082,ambiguous-boundary;failure-occurrence,3,,review wording and role reasoning against corrected invariant,not-yet-adjudicated
VIGIL-INC-000052,active,classified,VIGIL-FC-000038;VIGIL-FC-000052;VIGIL-FC-000053;VIGIL-FC-000079;VIGIL-FC-000082;VIGIL-FC-000083,ambiguous-boundary,2,,review wording and role reasoning against corrected invariant,not-yet-adjudicated
VIGIL-INC-000053,active,classified,VIGIL-FC-000001;VIGIL-FC-000038;VIGIL-FC-000046;VIGIL-FC-000053;VIGIL-FC-000079;VIGIL-FC-000082,failure-occurrence,3,,review wording and role reasoning against corrected invariant,not-yet-adjudicated
VIGIL-INC-000054,active,classified,VIGIL-FC-000038;VIGIL-FC-000052;VIGIL-FC-000053;VIGIL-FC-000082,failure-occurrence,2,,review wording and role reasoning against corrected invariant,not-yet-adjudicated
VIGIL-INC-000055,active,classified,VIGIL-FC-000002;VIGIL-FC-000003;VIGIL-FC-000038;VIGIL-FC-000064,ambiguous-boundary;failure-occurrence,3,,review wording and role reasoning against corrected invariant,not-yet-adjudicated
VIGIL-INC-000056,active,classified,VIGIL-FC-000002;VIGIL-FC-000041;VIGIL-FC-000057;VIGIL-FC-000064,failure-occurrence,4,,review wording and role reasoning against corrected invariant,not-yet-adjudicated
VIGIL-INC-000057,active,classified,VIGIL-FC-000002;VIGIL-FC-000055,failure-occurrence,3,,review wording and role reasoning against corrected invariant,not-yet-adjudicated
VIGIL-INC-000058,active,classified,VIGIL-FC-000012;VIGIL-FC-000013;VIGIL-FC-000082,ambiguous-boundary;failure-occurrence,3,,review wording and role reasoning against corrected invariant,not-yet-adjudicated
VIGIL-INC-000059,active,classified,VIGIL-FC-000048,failure-occurrence,1,,review wording and role reasoning against corrected invariant,not-yet-adjudicated
VIGIL-INC-000060,active,classified,VIGIL-FC-000002;VIGIL-FC-000003;VIGIL-FC-000052;VIGIL-FC-000064;VIGIL-FC-000082,failure-occurrence;successful-invariant,7,,review wording and role reasoning against corrected invariant,not-yet-adjudicated
VIGIL-INC-000061,active,classified,VIGIL-FC-000046;VIGIL-FC-000048,failure-occurrence,3,,review wording and role reasoning against corrected invariant,not-yet-adjudicated
VIGIL-INC-000062,active,classified,VIGIL-FC-000038;VIGIL-FC-000046;VIGIL-FC-000052;VIGIL-FC-000062;VIGIL-FC-000082,ambiguous-boundary;failure-occurrence,4,,review wording and role reasoning against corrected invariant,not-yet-adjudicated
VIGIL-INC-000063,active,classified,VIGIL-FC-000038;VIGIL-FC-000041;VIGIL-FC-000042;VIGIL-FC-000062;VIGIL-FC-000083,ambiguous-boundary;failure-occurrence,3,,review wording and role reasoning against corrected invariant,not-yet-adjudicated
VIGIL-INC-000064,active,classified,VIGIL-FC-000016;VIGIL-FC-000041;VIGIL-FC-000053;VIGIL-FC-000083,failure-occurrence,4,,review wording and role reasoning against corrected invariant,not-yet-adjudicated
VIGIL-INC-000065,active,unclassified,VIGIL-FC-000011;VIGIL-FC-000053,,3,,review wording and role reasoning against corrected invariant,not-yet-adjudicated
VIGIL-INC-000066,active,classified,VIGIL-FC-000001;VIGIL-FC-000062;VIGIL-FC-000063;VIGIL-FC-000082,ambiguous-boundary;failure-occurrence,3,,review wording and role reasoning against corrected invariant,not-yet-adjudicated
VIGIL-INC-000067,active,unclassified,VIGIL-FC-000054;VIGIL-FC-000055,,2,,review wording and role reasoning against corrected invariant,not-yet-adjudicated
VIGIL-INC-000068,active,unclassified,VIGIL-FC-000054,,2,,review wording and role reasoning against corrected invariant,not-yet-adjudicated
VIGIL-INC-000069,active,unclassified,VIGIL-FC-000054;VIGIL-FC-000055,,2,,review wording and role reasoning against corrected invariant,not-yet-adjudicated
VIGIL-INC-000070,active,classified,VIGIL-FC-000002;VIGIL-FC-000054;VIGIL-FC-000055,failure-occurrence,4,,review wording and role reasoning against corrected invariant,not-yet-adjudicated
VIGIL-INC-000072,active,unclassified,VIGIL-FC-000002;VIGIL-FC-000003,,2,,review wording and role reasoning against corrected invariant,not-yet-adjudicated
VIGIL-INC-000073,active,classification-disputed,VIGIL-FC-000038;VIGIL-FC-000041;VIGIL-FC-000055;VIGIL-FC-000067;VIGIL-FC-000083,failure-occurrence,4,,review wording and role reasoning against corrected invariant,not-yet-adjudicated
VIGIL-INC-000074,active,unclassified,VIGIL-FC-000038;VIGIL-FC-000041;VIGIL-FC-000046,,2,,review wording and role reasoning against corrected invariant,not-yet-adjudicated
VIGIL-INC-000075,active,classified,VIGIL-FC-000016;VIGIL-FC-000041;VIGIL-FC-000083,failure-occurrence;successful-invariant,3,,review wording and role reasoning against corrected invariant,not-yet-adjudicated
VIGIL-INC-000076,active,classified,VIGIL-FC-000038;VIGIL-FC-000046,ambiguous-boundary,2,,review wording and role reasoning against corrected invariant,not-yet-adjudicated
VIGIL-INC-000078,active,classified,VIGIL-FC-000044;VIGIL-FC-000045;VIGIL-FC-000056,failure-occurrence,2,,review wording and role reasoning against corrected invariant,not-yet-adjudicated
VIGIL-INC-000079,active,classified,VIGIL-FC-000010;VIGIL-FC-000038;VIGIL-FC-000041;VIGIL-FC-000067;VIGIL-FC-000080,failure-occurrence,2,,review wording and role reasoning against corrected invariant,not-yet-adjudicated
VIGIL-INC-000080,active,classified,VIGIL-FC-000038;VIGIL-FC-000060;VIGIL-FC-000061;VIGIL-FC-000082,failure-occurrence,2,,review wording and role reasoning against corrected invariant,not-yet-adjudicated
VIGIL-INC-000081,active,classified,VIGIL-FC-000052,failure-occurrence,2,,review wording and role reasoning against corrected invariant,not-yet-adjudicated
VIGIL-INC-000082,active,classified,VIGIL-FC-000052;VIGIL-FC-000053;VIGIL-FC-000079;VIGIL-FC-000082,ambiguous-boundary;failure-occurrence,3,,review wording and role reasoning against corrected invariant,not-yet-adjudicated
VIGIL-INC-000083,active,classified,VIGIL-FC-000052;VIGIL-FC-000053;VIGIL-FC-000079;VIGIL-FC-000082,ambiguous-boundary;failure-occurrence,3,,review wording and role reasoning against corrected invariant,not-yet-adjudicated
VIGIL-INC-000084,active,classified,VIGIL-FC-000002;VIGIL-FC-000003;VIGIL-FC-000015;VIGIL-FC-000022;VIGIL-FC-000024;VIGIL-FC-000064;VIGIL-FC-000070,failure-occurrence;successful-invariant,7,,review wording and role reasoning against corrected invariant,not-yet-adjudicated
VIGIL-INC-000085,active,classified,VIGIL-FC-000002;VIGIL-FC-000003;VIGIL-FC-000022;VIGIL-FC-000024;VIGIL-FC-000064,failure-occurrence;successful-invariant,5,,review wording and role reasoning against corrected invariant,not-yet-adjudicated
VIGIL-INC-000086,active,classified,VIGIL-FC-000002;VIGIL-FC-000003;VIGIL-FC-000022;VIGIL-FC-000024;VIGIL-FC-000064;VIGIL-FC-000070,failure-occurrence;successful-invariant,6,,review wording and role reasoning against corrected invariant,not-yet-adjudicated
VIGIL-INC-000088,active,classified,VIGIL-FC-000002;VIGIL-FC-000003;VIGIL-FC-000006;VIGIL-FC-000022;VIGIL-FC-000024;VIGIL-FC-000057;VIGIL-FC-000064,failure-occurrence;successful-invariant,7,,review wording and role reasoning against corrected invariant,not-yet-adjudicated
VIGIL-INC-000089,active,classified,VIGIL-FC-000010;VIGIL-FC-000062,failure-occurrence,2,,review wording and role reasoning against corrected invariant,not-yet-adjudicated
VIGIL-INC-000090,active,unclassified,VIGIL-FC-000058;VIGIL-FC-000059;VIGIL-FC-000064,,3,,review wording and role reasoning against corrected invariant,not-yet-adjudicated
VIGIL-INC-000091,active,unclassified,VIGIL-FC-000030;VIGIL-FC-000037;VIGIL-FC-000048;VIGIL-FC-000058;VIGIL-FC-000059,,4,,review wording and role reasoning against corrected invariant,not-yet-adjudicated
VIGIL-INC-000092,active,classified,VIGIL-FC-000031;VIGIL-FC-000040,successful-invariant,2,,review wording and role reasoning against corrected invariant,not-yet-adjudicated
VIGIL-INC-000093,active,classified,VIGIL-FC-000002;VIGIL-FC-000003;VIGIL-FC-000022;VIGIL-FC-000024;VIGIL-FC-000052;VIGIL-FC-000064;VIGIL-FC-000082,ambiguous-boundary;failure-occurrence;successful-invariant,6,,review wording and role reasoning against corrected invariant,not-yet-adjudicated
VIGIL-INC-000094,active,classified,VIGIL-FC-000038,ambiguous-boundary,2,,review wording and role reasoning against corrected invariant,not-yet-adjudicated
VIGIL-INC-000095,active,classified,VIGIL-FC-000010;VIGIL-FC-000083,ambiguous-boundary,3,,review wording and role reasoning against corrected invariant,not-yet-adjudicated
VIGIL-INC-000096,active,classified,VIGIL-FC-000002,ambiguous-boundary,1,,review wording and role reasoning against corrected invariant,not-yet-adjudicated
VIGIL-INC-000097,active,classified,VIGIL-FC-000032;VIGIL-FC-000055,failure-occurrence;successful-invariant,2,,review wording and role reasoning against corrected invariant,not-yet-adjudicated
VIGIL-INC-000098,active,classified,VIGIL-FC-000038;VIGIL-FC-000043,ambiguous-boundary;failure-occurrence,2,,review wording and role reasoning against corrected invariant,not-yet-adjudicated
VIGIL-INC-000099,active,classified,VIGIL-FC-000062;VIGIL-FC-000063,failure-occurrence,2,,review wording and role reasoning against corrected invariant,not-yet-adjudicated
VIGIL-INC-000100,active,classified,VIGIL-FC-000037;VIGIL-FC-000040;VIGIL-FC-000070,successful-invariant,2,,review wording and role reasoning against corrected invariant,not-yet-adjudicated
VIGIL-INC-000101,active,classified,VIGIL-FC-000051;VIGIL-FC-000065;VIGIL-FC-000066;VIGIL-FC-000082,ambiguous-boundary;failure-occurrence,3,,review wording and role reasoning against corrected invariant,not-yet-adjudicated
VIGIL-INC-000102,active,classified,VIGIL-FC-000051;VIGIL-FC-000065;VIGIL-FC-000082,failure-occurrence,2,,review wording and role reasoning against corrected invariant,not-yet-adjudicated
VIGIL-INC-000103,active,classified,VIGIL-FC-000051;VIGIL-FC-000062;VIGIL-FC-000065;VIGIL-FC-000082,failure-occurrence,3,,review wording and role reasoning against corrected invariant,not-yet-adjudicated
VIGIL-INC-000104,active,classified,VIGIL-FC-000051;VIGIL-FC-000062;VIGIL-FC-000065;VIGIL-FC-000082,failure-occurrence,3,,review wording and role reasoning against corrected invariant,not-yet-adjudicated
VIGIL-INC-000105,active,classified,VIGIL-FC-000051;VIGIL-FC-000062;VIGIL-FC-000065;VIGIL-FC-000082,failure-occurrence,3,,review wording and role reasoning against corrected invariant,not-yet-adjudicated
VIGIL-INC-000106,active,unclassified,VIGIL-FC-000055,,2,,review wording and role reasoning against corrected invariant,not-yet-adjudicated
VIGIL-INC-000107,active,classified,VIGIL-FC-000022;VIGIL-FC-000024;VIGIL-FC-000038,failure-occurrence;successful-invariant,3,,review wording and role reasoning against corrected invariant,not-yet-adjudicated
VIGIL-INC-000108,active,classified,VIGIL-FC-000001;VIGIL-FC-000003,failure-occurrence,2,,review wording and role reasoning against corrected invariant,not-yet-adjudicated
VIGIL-INC-000109,active,classified,VIGIL-FC-000045;VIGIL-FC-000072,ambiguous-boundary,2,,review wording and role reasoning against corrected invariant,not-yet-adjudicated
VIGIL-INC-000110,active,classified,VIGIL-FC-000015;VIGIL-FC-000016;VIGIL-FC-000057,failure-occurrence,3,,review wording and role reasoning against corrected invariant,not-yet-adjudicated
VIGIL-INC-000111,active,classified,VIGIL-FC-000003;VIGIL-FC-000062,failure-occurrence,2,,review wording and role reasoning against corrected invariant,not-yet-adjudicated
VIGIL-INC-000112,active,classified,VIGIL-FC-000003;VIGIL-FC-000022;VIGIL-FC-000024;VIGIL-FC-000038;VIGIL-FC-000070,failure-occurrence;successful-invariant,5,,review wording and role reasoning against corrected invariant,not-yet-adjudicated
VIGIL-INC-000113,active,classified,VIGIL-FC-000003;VIGIL-FC-000010;VIGIL-FC-000055;VIGIL-FC-000068;VIGIL-FC-000082,ambiguous-boundary;failure-occurrence,4,,review wording and role reasoning against corrected invariant,not-yet-adjudicated
VIGIL-INC-000114,active,classified,VIGIL-FC-000010;VIGIL-FC-000016;VIGIL-FC-000062,failure-occurrence,3,,review wording and role reasoning against corrected invariant,not-yet-adjudicated
VIGIL-INC-000115,active,classified,VIGIL-FC-000010;VIGIL-FC-000062,failure-occurrence,2,,review wording and role reasoning against corrected invariant,not-yet-adjudicated
VIGIL-INC-000116,active,classified,VIGIL-FC-000002;VIGIL-FC-000003;VIGIL-FC-000064,ambiguous-boundary;failure-occurrence,3,,review wording and role reasoning against corrected invariant,not-yet-adjudicated
VIGIL-INC-000117,active,classified,VIGIL-FC-000038;VIGIL-FC-000041;VIGIL-FC-000043;VIGIL-FC-000062,ambiguous-boundary;failure-occurrence,4,,review wording and role reasoning against corrected invariant,not-yet-adjudicated
VIGIL-INC-000118,active,classified,VIGIL-FC-000002;VIGIL-FC-000064;VIGIL-FC-000077,ambiguous-boundary,3,,review wording and role reasoning against corrected invariant,not-yet-adjudicated
VIGIL-INC-000119,active,classified,VIGIL-FC-000001;VIGIL-FC-000002,ambiguous-boundary,3,,review wording and role reasoning against corrected invariant,not-yet-adjudicated
VIGIL-INC-000120,active,unclassified,VIGIL-FC-000023;VIGIL-FC-000041;VIGIL-FC-000083,,4,,review wording and role reasoning against corrected invariant,not-yet-adjudicated
VIGIL-INC-000121,active,classified,VIGIL-FC-000071,failure-occurrence,2,,review wording and role reasoning against corrected invariant,not-yet-adjudicated
VIGIL-INC-000122,active,classified,VIGIL-FC-000023;VIGIL-FC-000069,failure-occurrence,3,,review wording and role reasoning against corrected invariant,not-yet-adjudicated
VIGIL-INC-000123,active,classified,VIGIL-FC-000023;VIGIL-FC-000083,failure-occurrence,3,,review wording and role reasoning against corrected invariant,not-yet-adjudicated
VIGIL-INC-000124,active,classified,VIGIL-FC-000017;VIGIL-FC-000023;VIGIL-FC-000026;VIGIL-FC-000064,failure-occurrence,4,,review wording and role reasoning against corrected invariant,not-yet-adjudicated
VIGIL-INC-000125,active,classified,VIGIL-FC-000027;VIGIL-FC-000069,failure-occurrence,3,,review wording and role reasoning against corrected invariant,not-yet-adjudicated
VIGIL-INC-000126,active,classified,VIGIL-FC-000052;VIGIL-FC-000064;VIGIL-FC-000073;VIGIL-FC-000083,successful-invariant,4,,review wording and role reasoning against corrected invariant,not-yet-adjudicated
VIGIL-INC-000127,active,unclassified,VIGIL-FC-000040;VIGIL-FC-000077,,3,,review wording and role reasoning against corrected invariant,not-yet-adjudicated
VIGIL-INC-000129,active,classified,VIGIL-FC-000066;VIGIL-FC-000075;VIGIL-FC-000076;VIGIL-FC-000077;VIGIL-FC-000078;VIGIL-FC-000080;VIGIL-FC-000081,ambiguous-boundary;failure-occurrence;successful-invariant,9,,review wording and role reasoning against corrected invariant,not-yet-adjudicated
VIGIL-INC-000130,active,provisionally-classified,VIGIL-FC-000064;VIGIL-FC-000078,failure-occurrence,2,,review wording and role reasoning against corrected invariant,not-yet-adjudicated
VIGIL-INC-000131,active,classified,VIGIL-FC-000002;VIGIL-FC-000069;VIGIL-FC-000070,failure-occurrence,3,,review wording and role reasoning against corrected invariant,not-yet-adjudicated
VIGIL-INC-000132,active,classified,VIGIL-FC-000003,failure-occurrence,3,,review wording and role reasoning against corrected invariant,not-yet-adjudicated
VIGIL-INC-000133,active,classified,VIGIL-FC-000003,failure-occurrence,4,,review wording and role reasoning against corrected invariant,not-yet-adjudicated
VIGIL-INC-000134,active,classified,VIGIL-FC-000003,failure-occurrence,3,,review wording and role reasoning against corrected invariant,not-yet-adjudicated
VIGIL-INC-000135,active,unclassified,,,3,,"review unclassified, unresolved or gap reasoning; preserve valid no-mapping outcomes",not-yet-adjudicated
VIGIL-INC-000136,active,classified,VIGIL-FC-000001;VIGIL-FC-000006;VIGIL-FC-000047;VIGIL-FC-000078,failure-occurrence;successful-invariant,2,,review wording and role reasoning against corrected invariant,not-yet-adjudicated
VIGIL-INC-000137,active,classified,VIGIL-FC-000001;VIGIL-FC-000006;VIGIL-FC-000036;VIGIL-FC-000078,failure-occurrence,3,,review wording and role reasoning against corrected invariant,not-yet-adjudicated
VIGIL-INC-000138,active,provisionally-classified,VIGIL-FC-000010;VIGIL-FC-000064;VIGIL-FC-000078,failure-occurrence,2,,review wording and role reasoning against corrected invariant,not-yet-adjudicated
VIGIL-INC-000139,active,unclassified,VIGIL-FC-000002;VIGIL-FC-000064,,1,,review wording and role reasoning against corrected invariant,not-yet-adjudicated
VIGIL-INC-000140,active,classified,VIGIL-FC-000062,failure-occurrence,1,,review wording and role reasoning against corrected invariant,not-yet-adjudicated
VIGIL-INC-000141,active,classified,VIGIL-FC-000022;VIGIL-FC-000024;VIGIL-FC-000027,failure-occurrence;successful-invariant,2,,review wording and role reasoning against corrected invariant,not-yet-adjudicated
VIGIL-INC-000142,active,classified,VIGIL-FC-000016;VIGIL-FC-000062,failure-occurrence,2,,review wording and role reasoning against corrected invariant,not-yet-adjudicated
VIGIL-INC-000144,active,unclassified,,,1,,"review unclassified, unresolved or gap reasoning; preserve valid no-mapping outcomes",not-yet-adjudicated
VIGIL-INC-000145,active,classified,VIGIL-FC-000010;VIGIL-FC-000038;VIGIL-FC-000042;VIGIL-FC-000079;VIGIL-FC-000082;VIGIL-FC-000083,failure-occurrence;successful-invariant,3,,review wording and role reasoning against corrected invariant,not-yet-adjudicated
VIGIL-INC-000146,active,classified,VIGIL-FC-000079;VIGIL-FC-000082,failure-occurrence,2,,review wording and role reasoning against corrected invariant,not-yet-adjudicated
VIGIL-INC-000147,active,unclassified,VIGIL-FC-000070,,1,,review wording and role reasoning against corrected invariant,not-yet-adjudicated
VIGIL-INC-000148,active,classified,VIGIL-FC-000015;VIGIL-FC-000062,failure-occurrence,3,,review wording and role reasoning against corrected invariant,not-yet-adjudicated
VIGIL-INC-000149,active,unclassified,VIGIL-FC-000019;VIGIL-FC-000020;VIGIL-FC-000038,,1,,review wording and role reasoning against corrected invariant,not-yet-adjudicated
VIGIL-INC-000150,active,classified,VIGIL-FC-000003;VIGIL-FC-000041;VIGIL-FC-000042;VIGIL-FC-000064;VIGIL-FC-000070,failure-occurrence,6,,review wording and role reasoning against corrected invariant,not-yet-adjudicated
VIGIL-INC-000151,active,provisionally-classified,VIGIL-FC-000052;VIGIL-FC-000053;VIGIL-FC-000079;VIGIL-FC-000082,failure-occurrence,3,,review wording and role reasoning against corrected invariant,not-yet-adjudicated
VIGIL-INC-000152,active,classified,VIGIL-FC-000052;VIGIL-FC-000053;VIGIL-FC-000079;VIGIL-FC-000082,failure-occurrence,3,,review wording and role reasoning against corrected invariant,not-yet-adjudicated
VIGIL-INC-000153,active,classified,VIGIL-FC-000010;VIGIL-FC-000016;VIGIL-FC-000047;VIGIL-FC-000062,failure-occurrence;successful-invariant,3,,review wording and role reasoning against corrected invariant,not-yet-adjudicated
VIGIL-INC-000154,active,classified,VIGIL-FC-000001;VIGIL-FC-000006,failure-occurrence,2,,review wording and role reasoning against corrected invariant,not-yet-adjudicated
VIGIL-INC-000155,active,classified,VIGIL-FC-000015;VIGIL-FC-000046;VIGIL-FC-000062,failure-occurrence,2,,review wording and role reasoning against corrected invariant,not-yet-adjudicated
VIGIL-INC-000156,active,unclassified,,,3,,"review unclassified, unresolved or gap reasoning; preserve valid no-mapping outcomes",not-yet-adjudicated
VIGIL-INC-000157,active,classified,VIGIL-FC-000002;VIGIL-FC-000003;VIGIL-FC-000015;VIGIL-FC-000022;VIGIL-FC-000024,failure-occurrence;successful-invariant,5,,review wording and role reasoning against corrected invariant,not-yet-adjudicated
VIGIL-INC-000158,active,unclassified,VIGIL-FC-000002,,5,,review wording and role reasoning against corrected invariant,not-yet-adjudicated
VIGIL-INC-000159,active,classified,VIGIL-FC-000001;VIGIL-FC-000006;VIGIL-FC-000009;VIGIL-FC-000022;VIGIL-FC-000024,failure-occurrence;successful-invariant,7,,review wording and role reasoning against corrected invariant,not-yet-adjudicated
VIGIL-INC-000160,active,provisionally-classified,VIGIL-FC-000046,failure-occurrence,2,,review wording and role reasoning against corrected invariant,not-yet-adjudicated
VIGIL-INC-000161,active,classified,VIGIL-FC-000064;VIGIL-FC-000070,failure-occurrence,2,,review wording and role reasoning against corrected invariant,not-yet-adjudicated
VIGIL-INC-000162,active,classified,VIGIL-FC-000047,ambiguous-boundary,3,,review wording and role reasoning against corrected invariant,not-yet-adjudicated
VIGIL-INC-000163,active,unclassified,VIGIL-FC-000038;VIGIL-FC-000083,,2,,review wording and role reasoning against corrected invariant,not-yet-adjudicated
VIGIL-INC-000164,active,classified,VIGIL-FC-000052;VIGIL-FC-000053;VIGIL-FC-000079;VIGIL-FC-000082,failure-occurrence,4,,review wording and role reasoning against corrected invariant,not-yet-adjudicated
VIGIL-INC-000165,active,classified,VIGIL-FC-000010;VIGIL-FC-000016;VIGIL-FC-000047;VIGIL-FC-000062,failure-occurrence;successful-invariant,4,,review wording and role reasoning against corrected invariant,not-yet-adjudicated
VIGIL-INC-000166,active,unclassified,VIGIL-FC-000052,,2,,review wording and role reasoning against corrected invariant,not-yet-adjudicated
VIGIL-INC-000167,active,unclassified,VIGIL-FC-000046,,3,,review wording and role reasoning against corrected invariant,not-yet-adjudicated
VIGIL-INC-000168,active,classified,VIGIL-FC-000010;VIGIL-FC-000016;VIGIL-FC-000047;VIGIL-FC-000062,failure-occurrence;successful-invariant,4,,review wording and role reasoning against corrected invariant,not-yet-adjudicated
VIGIL-INC-000169,active,unclassified,VIGIL-FC-000046,,3,,review wording and role reasoning against corrected invariant,not-yet-adjudicated
VIGIL-INC-000170,active,classified,VIGIL-FC-000002;VIGIL-FC-000003;VIGIL-FC-000022;VIGIL-FC-000024;VIGIL-FC-000070,failure-occurrence;successful-invariant,7,,review wording and role reasoning against corrected invariant,not-yet-adjudicated
VIGIL-INC-000171,active,provisionally-classified,VIGIL-FC-000023;VIGIL-FC-000038;VIGIL-FC-000046;VIGIL-FC-000083,successful-invariant,4,,review wording and role reasoning against corrected invariant,not-yet-adjudicated
VIGIL-INC-000172,active,classified,VIGIL-FC-000003;VIGIL-FC-000038;VIGIL-FC-000041;VIGIL-FC-000064;VIGIL-FC-000070;VIGIL-FC-000083,failure-occurrence;successful-invariant,4,,review wording and role reasoning against corrected invariant,not-yet-adjudicated
VIGIL-INC-000173,active,classified,VIGIL-FC-000001;VIGIL-FC-000002;VIGIL-FC-000022;VIGIL-FC-000024;VIGIL-FC-000038;VIGIL-FC-000077,failure-occurrence;successful-invariant,8,,review wording and role reasoning against corrected invariant,not-yet-adjudicated
VIGIL-INC-000174,active,provisionally-classified,VIGIL-FC-000042;VIGIL-FC-000047;VIGIL-FC-000064;VIGIL-FC-000083,failure-occurrence;successful-invariant,3,,review wording and role reasoning against corrected invariant,not-yet-adjudicated
VIGIL-INC-000175,active,classified,VIGIL-FC-000064,failure-occurrence,1,,review wording and role reasoning against corrected invariant,not-yet-adjudicated
VIGIL-INC-000176,active,classified,VIGIL-FC-000002;VIGIL-FC-000003;VIGIL-FC-000022;VIGIL-FC-000024;VIGIL-FC-000041;VIGIL-FC-000042;VIGIL-FC-000064,failure-occurrence;successful-invariant,7,,review wording and role reasoning against corrected invariant,not-yet-adjudicated
VIGIL-INC-000177,active,classified,VIGIL-FC-000002;VIGIL-FC-000003;VIGIL-FC-000022;VIGIL-FC-000023;VIGIL-FC-000024;VIGIL-FC-000038;VIGIL-FC-000041;VIGIL-FC-000042;VIGIL-FC-000064,failure-occurrence;successful-invariant,6,,review wording and role reasoning against corrected invariant,not-yet-adjudicated
VIGIL-INC-000178,active,classified,VIGIL-FC-000003,failure-occurrence,2,,review wording and role reasoning against corrected invariant,not-yet-adjudicated
VIGIL-INC-000179,active,classified,VIGIL-FC-000003,failure-occurrence,3,,review wording and role reasoning against corrected invariant,not-yet-adjudicated
